<?xml version="1.0" encoding="UTF-8"?>
<!DOCTYPE plist PUBLIC "-//Apple//DTD PLIST 1.0//EN" "http://www.apple.com/DTDs/PropertyList-1.0.dtd">
<plist version="1.0">
<dict>
	<key>allowNodeStrokeColorVariation</key>
	<true/>
	<key>backgroundColor</key>
	<string>{0.906000, 0.922000, 0.933000, 1.000000}</string>
	<key>baseSubnode</key>
	<dict>
		<key>shapeStyle</key>
		<dict>
			<key>borderStrokeStyle</key>
			<dict>
				<key>color</key>
				<string>{0.992000, 0.714000, 0.051000, 1.000000}</string>
				<key>dash</key>
				<integer>0</integer>
				<key>width</key>
				<real>6</real>
			</dict>
			<key>fillColor</key>
			<string>{1.000000, 1.000000, 1.000000, 1.000000}</string>
			<key>shapeType</key>
			<integer>0</integer>
		</dict>
		<key>strokeStyle</key>
		<dict>
			<key>color</key>
			<string>{0.992000, 0.714000, 0.051000, 1.000000}</string>
			<key>dash</key>
			<integer>0</integer>
			<key>width</key>
			<real>6</real>
		</dict>
		<key>titleStyle</key>
		<dict>
			<key>alignment</key>
			<integer>0</integer>
			<key>bold</key>
			<false/>
			<key>color</key>
			<string>{0.263000, 0.357000, 0.400000, 1.000000}</string>
			<key>fontName</key>
			<string>HelveticaNeue</string>
			<key>fontSize</key>
			<real>18</real>
			<key>italic</key>
			<false/>
		</dict>
	</dict>
	<key>crossConnections</key>
	<array>
		<dict>
			<key>arrowStyle</key>
			<dict>
				<key>endArrow</key>
				<integer>1</integer>
				<key>startArrow</key>
				<integer>0</integer>
			</dict>
			<key>pathStyle</key>
			<dict>
				<key>strokeStyle</key>
				<dict>
					<key>color</key>
					<string>{0.071000, 0.529000, 0.871000, 1.000000}</string>
					<key>dash</key>
					<integer>0</integer>
					<key>width</key>
					<real>2</real>
				</dict>
			</dict>
			<key>titleStyle</key>
			<dict>
				<key>alignment</key>
				<integer>0</integer>
				<key>bold</key>
				<false/>
				<key>color</key>
				<string>{0.000000, 0.000000, 0.000000, 1.000000}</string>
				<key>fontName</key>
				<string>HelveticaNeue</string>
				<key>fontSize</key>
				<real>14</real>
				<key>italic</key>
				<false/>
				<key>strikethrough</key>
				<false/>
				<key>underline</key>
				<false/>
			</dict>
		</dict>
	</array>
	<key>mainNodes</key>
	<array>
		<dict>
			<key>shapeStyle</key>
			<dict>
				<key>borderStrokeStyle</key>
				<dict>
					<key>color</key>
					<string>{1.000000, 1.000000, 1.000000, 1.000000}</string>
					<key>dash</key>
					<integer>0</integer>
					<key>width</key>
					<real>1</real>
				</dict>
				<key>fillColor</key>
				<string>{1.000000, 1.000000, 1.000000, 1.000000}</string>
				<key>shapeType</key>
				<integer>2</integer>
			</dict>
			<key>strokeStyle</key>
			<dict>
				<key>color</key>
				<string>{0.102000, 0.333000, 0.412000, 1.000000}</string>
				<key>dash</key>
				<integer>0</integer>
				<key>width</key>
				<real>4</real>
			</dict>
			<key>titleStyle</key>
			<dict>
				<key>alignment</key>
				<integer>0</integer>
				<key>bold</key>
				<false/>
				<key>color</key>
				<string>{0.102000, 0.333000, 0.412000, 1.000000}</string>
				<key>fontName</key>
				<string>HelveticaNeue-Light</string>
				<key>fontSize</key>
				<real>24</real>
				<key>italic</key>
				<false/>
			</dict>
		</dict>
	</array>
	<key>subnodeColors</key>
	<array>
		<dict>
			<key>shapeStyle</key>
			<dict>
				<key>borderStrokeStyle</key>
				<dict>
					<key>color</key>
					<string>{0.071, 0.529, 0.871, 1.000}</string>
				</dict>
				<key>fillColor</key>
				<string>{1.000, 1.000, 1.000, 1.000}</string>
			</dict>
			<key>strokeStyle</key>
			<dict>
				<key>color</key>
				<string>{0.071, 0.529, 0.871, 1.000}</string>
			</dict>
			<key>titleStyle</key>
			<dict>
				<key>color</key>
				<string>{0.263, 0.357, 0.400, 1.000}</string>
			</dict>
		</dict>
		<dict>
			<key>shapeStyle</key>
			<dict>
				<key>borderStrokeStyle</key>
				<dict>
					<key>color</key>
					<string>{0.149, 0.733, 0.820, 1.000}</string>
				</dict>
				<key>fillColor</key>
				<string>{1.000, 1.000, 1.000, 1.000}</string>
			</dict>
			<key>strokeStyle</key>
			<dict>
				<key>color</key>
				<string>{0.149, 0.733, 0.820, 1.000}</string>
			</dict>
			<key>titleStyle</key>
			<dict>
				<key>color</key>
				<string>{0.263, 0.357, 0.400, 1.000}</string>
			</dict>
		</dict>
		<dict>
			<key>shapeStyle</key>
			<dict>
				<key>borderStrokeStyle</key>
				<dict>
					<key>color</key>
					<string>{0.220, 0.576, 0.216, 1.000}</string>
				</dict>
				<key>fillColor</key>
				<string>{1.000, 1.000, 1.000, 1.000}</string>
			</dict>
			<key>strokeStyle</key>
			<dict>
				<key>color</key>
				<string>{0.220, 0.576, 0.216, 1.000}</string>
			</dict>
			<key>titleStyle</key>
			<dict>
				<key>color</key>
				<string>{0.263, 0.357, 0.400, 1.000}</string>
			</dict>
		</dict>
		<dict>
			<key>shapeStyle</key>
			<dict>
				<key>borderStrokeStyle</key>
				<dict>
					<key>color</key>
					<string>{0.863, 0.133, 0.157, 1.000}</string>
				</dict>
				<key>fillColor</key>
				<string>{1.000, 1.000, 1.000, 1.000}</string>
			</dict>
			<key>strokeStyle</key>
			<dict>
				<key>color</key>
				<string>{0.863, 0.133, 0.157, 1.000}</string>
			</dict>
			<key>titleStyle</key>
			<dict>
				<key>color</key>
				<string>{0.263, 0.357, 0.400, 1.000}</string>
			</dict>
		</dict>
		<dict>
			<key>shapeStyle</key>
			<dict>
				<key>borderStrokeStyle</key>
				<dict>
					<key>color</key>
					<string>{0.992, 0.714, 0.051, 1.000}</string>
				</dict>
				<key>fillColor</key>
				<string>{1.000, 1.000, 1.000, 1.000}</string>
			</dict>
			<key>strokeStyle</key>
			<dict>
				<key>color</key>
				<string>{0.992, 0.714, 0.051, 1.000}</string>
			</dict>
			<key>titleStyle</key>
			<dict>
				<key>color</key>
				<string>{0.263, 0.357, 0.400, 1.000}</string>
			</dict>
		</dict>
		<dict>
			<key>shapeStyle</key>
			<dict>
				<key>borderStrokeStyle</key>
				<dict>
					<key>color</key>
					<string>{0.573, 0.165, 0.647, 1.000}</string>
				</dict>
				<key>fillColor</key>
				<string>{1.000, 1.000, 1.000, 1.000}</string>
			</dict>
			<key>strokeStyle</key>
			<dict>
				<key>color</key>
				<string>{0.573, 0.165, 0.647, 1.000}</string>
			</dict>
			<key>titleStyle</key>
			<dict>
				<key>color</key>
				<string>{0.263, 0.357, 0.400, 1.000}</string>
			</dict>
		</dict>
	</array>
	<key>subnodeLevels</key>
	<array/>
</dict>
</plist>
